Type,No,Color,Result,ResponseColor
Congruent,1,BLACK,No response,-
Congruent,2,GREEN,Correct,GREEN
Congruent,3,BLUE,Correct,BLUE
Congruent,4,BLUE,Correct,BLUE
Congruent,5,BLACK,Correct,BLACK
InCongruent,1,BLACK,Correct,BLACK
,,,,
InCongruent,2,GREEN,Correct,GREEN
,,,,
InCongruent,3,BLACK,Correct,BLACK
InCongruentEN,1,GREEN,Correct,GREEN
InCongruent,4,GREEN,Correct,GREEN
InCongruentEN,2,GREEN,Correct,GREEN
InCongruent,5,GREEN,Incorrect,BLUE
InCongruentEN,3,BLACK,Correct,BLACK
CongruentEN,1,BLACK,Correct,BLACK
InCongruentEN,4,BLUE,Incorrect,RED
CongruentEN,2,RED,Correct,RED
InCongruentEN,5,BLACK,Correct,BLACK
CongruentEN,3,BLACK,Correct,BLACK
InCongruentTH,1,ดำ,Correct,BLACK
CongruentEN,4,GREEN,Correct,GREEN
InCongruentTH,2,ดำ,Correct,BLACK
CongruentEN,5,RED,Correct,RED
InCongruentTH,3,เขียว,Correct,GREEN
CongruentTH,1,ฟ้า,Correct,BLUE
InCongruentTH,4,แดง,Correct,RED
CongruentTH,2,เขียว,Correct,GREEN
InCongruentTH,5,แดง,Correct,RED
CongruentTH,3,ฟ้า,Correct,BLUE
InCongruent,1,BLACK,Correct,BLACK
CongruentTH,4,ฟ้า,Correct,BLUE
InCongruent,2,BLUE,Correct,BLUE
CongruentTH,5,ดำ,Correct,BLACK
,,,,
CongruentEN,1,BLACK,Correct,BLACK
InCongruent,4,RED,Correct,RED
CongruentEN,2,RED,Correct,RED
,,,,
CongruentEN,3,GREEN,Correct,GREEN
CongruentTH,1,ดำ,Correct,BLACK
CongruentEN,4,BLACK,Correct,BLACK
CongruentTH,2,ดำ,Correct,BLACK
CongruentEN,5,RED,Correct,RED
CongruentTH,3,ดำ,Correct,BLACK
,,,,
CongruentTH,4,ฟ้า,Incorrect,BLACK
,,,,
CongruentTH,5,แดง,Correct,RED
,,,,
,,,,
,,,,
,,,,
,,,,
,,,,
,,,,
,,,,
,,,,
,,,,
,,,,
