Type,No,Color,Result,ResponseColor,reactionTime
Congruent,1,GREEN,No response,-,NaN
InCongruent,1,GREEN,No response,-,NaN
Congruent,3,BLACK,Correct,BLACK,0.224434600007953
Congruent,4,RED,Incorrect,BLACK,0.201884299996891
Congruent,5,BLUE,No response,-,NaN
InCongruent,3,GREEN,No response,-,NaN
InCongruentEN,1,GREEN,Incorrect,BLACK,0.00105420000909362
InCongruent,4,RED,Incorrect,BLUE,1.86072149999382
InCongruentEN,2,BLUE,Incorrect,BLACK,0.200848000007682
InCongruent,5,BLACK,Incorrect,BLUE,0.272250599999097
InCongruentEN,3,BLUE,Correct,BLUE,0.00124579999828711
CongruentEN,1,GREEN,Incorrect,BLACK,0.273225700002513
InCongruentEN,4,GREEN,Incorrect,BLUE,0.251095300001907
CongruentEN,2,BLUE,Correct,BLUE,0.000719899995601736
InCongruentEN,5,BLACK,Correct,BLACK,0.000586399997700937
CongruentEN,3,BLACK,Incorrect,BLUE,0.270434600010049
InCongruentTH,1,เขียว,Incorrect,BLUE,0.000850500000524335
CongruentEN,4,BLACK,Correct,BLACK,0.00122019999253098
InCongruentTH,2,เขียว,Incorrect,BLACK,0.000762099996791221
CongruentEN,5,BLUE,Incorrect,BLACK,0.308342100004666
InCongruentTH,3,เขียว,Incorrect,BLACK,0.209554799992475
CongruentTH,1,ฟ้า,Incorrect,BLACK,0.232119500011322
InCongruentTH,4,ดำ,Incorrect,BLUE,0.000652900009299628
CongruentTH,2,ฟ้า,Correct,BLUE,0.000652400005492382
InCongruentTH,5,แดง,Incorrect,BLACK,0.000802099995780736
CongruentTH,3,เขียว,Incorrect,BLACK,0.00102650000189897
InCongruent,1,GREEN,Incorrect,BLUE,0.254885500005912
CongruentTH,4,ฟ้า,Incorrect,BLACK,0.153630700006033
InCongruent,2,GREEN,Incorrect,BLACK,0.000586199996178038
CongruentTH,5,ดำ,Incorrect,BLUE,0.000768700003391132
,,,,,
InCongruentEN,1,GREEN,Incorrect,BLUE,0.350787899995339
,,,,,
InCongruentEN,2,RED,Incorrect,BLUE,0.353505100007169
InCongruent,5,GREEN,Incorrect,BLACK,0.268885999990744
InCongruentEN,3,BLUE,Correct,BLUE,0.309764200006612
InCongruentTH,1,ดำ,Incorrect,BLUE,0.345581300003687
InCongruentEN,4,GREEN,Incorrect,BLUE,0.270183400003589
InCongruentTH,2,ดำ,Incorrect,BLUE,0.211995899997419
InCongruentEN,5,GREEN,Incorrect,BLACK,0.0841703999903984
InCongruentTH,3,ฟ้า,Correct,BLUE,0.19555480001145
,,,,,
InCongruentTH,4,ดำ,Incorrect,BLUE,0.112290400007623
,,,,,
InCongruentTH,5,แดง,Incorrect,BLUE,0.0736062999931164
,,,,,
,,,,,
,,,,,
,,,,,
,,,,,
,,,,,
,,,,,
,,,,,
,,,,,
,,,,,
,,,,,
,,,,,
,,,,,
,,,,,
,,,,,
