Type,No,Color,Result,ResponseColor
Congruent,1,BLUE,Correct,BLUE
Congruent,2,RED,Incorrect,BLACK
Congruent,3,BLACK,Incorrect,BLUE
Congruent,4,BLUE,Incorrect,BLACK
Congruent,5,BLUE,Incorrect,RED
InCongruent,1,BLUE,Incorrect,GREEN
,,,,
InCongruent,2,RED,Incorrect,BLUE
,,,,
InCongruent,3,GREEN,Incorrect,BLACK
InCongruentEN,1,BLUE,Correct,BLUE
InCongruent,4,RED,Correct,RED
InCongruentEN,2,RED,Incorrect,BLACK
InCongruent,5,BLACK,Incorrect,GREEN
InCongruentEN,3,RED,Correct,RED
CongruentEN,1,GREEN,Incorrect,BLACK
InCongruentEN,4,BLUE,Incorrect,GREEN
CongruentEN,2,RED,Correct,RED
InCongruentEN,5,GREEN,Incorrect,BLUE
CongruentEN,3,BLUE,Incorrect,GREEN
InCongruentTH,1,ดำ,Incorrect,RED
CongruentEN,4,BLACK,Incorrect,BLUE
InCongruentTH,2,แดง,Incorrect,GREEN
CongruentEN,5,GREEN,Incorrect,BLACK
InCongruentTH,3,ฟ้า,Correct,BLUE
CongruentTH,1,ดำ,Incorrect,GREEN
InCongruentTH,4,แดง,Incorrect,BLACK
CongruentTH,2,เขียว,Incorrect,BLUE
InCongruentTH,5,ฟ้า,Incorrect,RED
CongruentTH,3,ฟ้า,Incorrect,BLACK
,,,,
CongruentTH,4,ฟ้า,Incorrect,RED
,,,,
CongruentTH,5,เขียว,Correct,GREEN
InCongruent,3,RED,Correct,RED
InCongruentEN,1,GREEN,Incorrect,BLACK
InCongruent,4,BLUE,Incorrect,GREEN
InCongruentEN,2,RED,Correct,RED
InCongruent,5,BLUE,Correct,BLUE
InCongruentEN,3,GREEN,Correct,GREEN
InCongruentTH,1,ดำ,Incorrect,RED
InCongruentEN,4,BLACK,Incorrect,BLUE
InCongruentTH,2,ดำ,Incorrect,GREEN
InCongruentEN,5,BLUE,Incorrect,BLACK
InCongruentTH,3,ดำ,Incorrect,BLUE
,,,,
InCongruentTH,4,เขียว,Incorrect,BLACK
,,,,
InCongruentTH,5,เขียว,Incorrect,RED
,,,,
,,,,
,,,,
,,,,
,,,,
,,,,
,,,,
,,,,
,,,,
,,,,
,,,,
