CongruentTH,1,RED,Incorrect,GREEN,0.148214899999857
IncongruentTH,2,RED,Incorrect,GREEN,0.0265162000000601
CongruentTH,3,BLACK,Incorrect,GREEN,0.000509700000066005
IncongruentTH,4,RED,Incorrect,GREEN,0.145640600000206
IncongruentTH,5,BLACK,Incorrect,GREEN,0.000355000000126893
CongruentTH,6,RED,Incorrect,GREEN,0.00508259999992333
IncongruentTH,7,BLACK,Incorrect,GREEN,0.126427900000181
CongruentTH,8,RED,Incorrect,GREEN,0.000309099999867612
CongruentTH,9,RED,Incorrect,GREEN,0.10508619999996
CongruentTH,10,RED,Incorrect,GREEN,0.110489800000096
IncongruentTH,11,BLUE,Incorrect,GREEN,0.137983600000098
CongruentTH,12,BLACK,Incorrect,GREEN,0.000390599999946062
CongruentTH,13,BLACK,Incorrect,GREEN,0.101008800000045
IncongruentTH,14,BLUE,Incorrect,GREEN,0.158592100000078
IncongruentTH,15,BLUE,Incorrect,GREEN,0.000614600000062637
CongruentTH,16,BLACK,Incorrect,GREEN,0.0667100000000573
IncongruentTH,17,GREEN,Correct,GREEN,0.000358499999947526
CongruentTH,18,RED,Incorrect,GREEN,0.000407100000074934
IncongruentTH,19,RED,Incorrect,GREEN,0.150399999999991
IncongruentTH,20,GREEN,Correct,GREEN,0.000386499999876833
,,,,,
,,,,,
,,,,,
,,,,,
,,,,,
,,,,,
,,,,,
,,,,,
,,,,,
,,,,,
,,,,,
,,,,,
,,,,,
,,,,,
,,,,,
,,,,,
,,,,,
,,,,,
,,,,,
,,,,,
,,,,,
,,,,,
,,,,,
,,,,,
,,,,,
,,,,,
,,,,,
,,,,,
,,,,,
,,,,,
,,,,,
,,,,,
,,,,,
,,,,,
,,,,,
,,,,,
,,,,,
,,,,,
,,,,,
,,,,,
