No.,Type of trial,Color Word,Ink Color,Response Color,Result Response,Reaction time
1,Incongruent,ฟ้า,BLACK,BLACK,Correct,0.580880200002866
2,Incongruent,ดำ,RED,RED,Correct,0.608481199997186
3,Congruent,ฟ้า,BLUE,GREEN,Incorrect,0.862876999999571
4,Incongruent,ฟ้า,BLACK,BLACK,Correct,0.656053099999554
5,Incongruent,ฟ้า,BLACK,BLACK,Correct,0.986209900001995
6,Incongruent,เขียว,RED,RED,Correct,0.711250399996061
7,Congruent,เขียว,GREEN,BLUE,Incorrect,0.56149230000301
8,Incongruent,ฟ้า,RED,RED,Correct,2.17643260000477
9,Incongruent,แดง,BLACK,BLACK,Correct,1.56609799999569
10,Incongruent,แดง,BLACK,BLACK,Correct,1.19445670000277
11,Congruent,เขียว,GREEN,GREEN,Correct,1.14432479999959
12,Incongruent,เขียว,BLACK,BLACK,Correct,0.686669099995925
13,Incongruent,ฟ้า,RED,RED,Correct,0.561057899998559
14,Incongruent,เขียว,BLACK,BLACK,Correct,0.61283540000295
15,Congruent,เขียว,GREEN,GREEN,Correct,0.636658700001135
16,Incongruent,ดำ,BLUE,BLUE,Correct,0.582711999995809
17,Congruent,แดง,RED,RED,Correct,0.725145899996278
18,Incongruent,แดง,BLUE,BLUE,Correct,0.788025499998184
19,Incongruent,ดำ,BLUE,BLUE,Correct,0.673090699994646
20,Incongruent,แดง,GREEN,GREEN,Correct,0.544162900005176
21,Congruent,ฟ้า,BLUE,BLUE,Correct,0.586594399996102
22,Incongruent,เขียว,RED,RED,Correct,0.629198800001177
23,Congruent,แดง,RED,RED,Correct,0.456300500001817
24,Congruent,ดำ,BLACK,BLACK,Correct,0.528088099999877
25,Congruent,แดง,RED,RED,Correct,0.669184999998834
26,Congruent,ดำ,BLACK,BLACK,Correct,0.411906400004227
27,Incongruent,ดำ,BLUE,GREEN,Incorrect,0.730497199998354
28,Congruent,ดำ,BLACK,GREEN,Incorrect,0.466416899995238
29,Congruent,ดำ,BLACK,BLACK,Correct,0.651123800002097
30,Incongruent,แดง,GREEN,BLUE,Incorrect,1.18206760000612
31,Congruent,แดง,RED,RED,Correct,1.31495300000097
32,Incongruent,ฟ้า,RED,RED,Correct,0.449818499997491
33,Incongruent,เขียว,RED,RED,Correct,0.433521899998595
34,Congruent,เขียว,GREEN,GREEN,Correct,0.913275600003544
35,Congruent,ดำ,BLACK,BLACK,Correct,0.484870500004035
36,Congruent,แดง,RED,RED,Correct,0.520555800001603
37,Incongruent,แดง,GREEN,GREEN,Correct,0.641915400003199
38,Incongruent,เขียว,BLUE,BLUE,Correct,0.504973900002369
39,Incongruent,เขียว,BLUE,BLUE,Correct,0.772207900001376
40,Congruent,แดง,RED,RED,Correct,0.46832120000181
41,Incongruent,เขียว,BLUE,BLUE,Correct,0.385075600002892
42,Congruent,ดำ,BLACK,BLACK,Correct,0.459368399999221
43,Incongruent,ดำ,GREEN,GREEN,Correct,0.631270899997617
44,Congruent,ดำ,BLACK,RED,Incorrect,0.433607599996321
45,Congruent,เขียว,GREEN,GREEN,Correct,0.720637999998871
46,Incongruent,ดำ,BLUE,BLUE,Correct,0.381592599995201
47,Congruent,เขียว,GREEN,GREEN,Correct,0.50960550000309
48,Congruent,เขียว,GREEN,GREEN,Correct,0.575290900000255
49,Congruent,ดำ,BLACK,BLACK,Correct,0.553197900000669
50,Congruent,เขียว,GREEN,GREEN,Correct,0.581555700002355
51,Congruent,ดำ,BLACK,BLACK,Correct,0.547366899998451
52,Incongruent,แดง,GREEN,GREEN,Correct,0.586419399995066
53,Incongruent,แดง,BLUE,BLUE,Correct,0.460938399999577
54,Congruent,ดำ,BLACK,BLACK,Correct,0.483010600000853
55,Congruent,ดำ,BLACK,BLACK,Correct,0.546524899997166
56,Incongruent,ฟ้า,RED,RED,Correct,0.491412399998808
57,Congruent,แดง,RED,RED,Correct,0.67156299999624
58,Congruent,ดำ,BLACK,BLACK,Correct,0.579019400000107
59,Incongruent,ดำ,GREEN,GREEN,Correct,1.35514649999823
60,Congruent,เขียว,GREEN,GREEN,Correct,0.516649100005452
1,Incongruent,ฟ้า,RED,RED,Correct,0.704071000000113
2,Incongruent,BLUE,RED,RED,Correct,1.06590649999998
3,Congruent,ฟ้า,BLUE,BLUE,Correct,1.04808649999904
4,Congruent,RED,RED,RED,Correct,0.574102300000959
5,Congruent,แดง,RED,RED,Correct,0.46507720000227
6,Congruent,GREEN,GREEN,GREEN,Correct,0.613790999996127
7,Congruent,ฟ้า,BLUE,BLUE,Correct,0.491334599995753
8,Congruent,BLACK,BLACK,BLACK,Correct,0.511697100002493
9,Incongruent,ดำ,RED,RED,Correct,0.53785830000561
10,Incongruent,RED,BLACK,BLACK,Correct,0.97738379999646
11,Incongruent,ฟ้า,RED,RED,Correct,0.551299799997651
12,Incongruent,RED,GREEN,GREEN,Correct,0.55997650000063
13,Incongruent,ฟ้า,BLACK,BLACK,Correct,0.557872500001395
14,Incongruent,BLACK,BLUE,BLUE,Correct,0.567495799994504
15,Incongruent,ฟ้า,BLACK,BLACK,Correct,0.629903499997454
16,Congruent,BLUE,BLUE,BLUE,Correct,0.526624599995557
17,Incongruent,แดง,GREEN,GREEN,Correct,0.77984980000474
18,Congruent,RED,RED,RED,Correct,0.473902099998668
19,Incongruent,เขียว,BLACK,BLACK,Correct,0.569907999997668
20,Congruent,RED,RED,RED,Correct,0.561830200000259
21,Congruent,แดง,RED,RED,Correct,0.51507579999452
22,Congruent,BLACK,BLACK,BLACK,Correct,0.500589300005231
23,Incongruent,เขียว,BLACK,RED,Incorrect,0.726065700000618
24,Congruent,GREEN,GREEN,RED,Incorrect,0.658185599997523
25,Congruent,ดำ,BLACK,BLACK,Correct,0.458304699997825
26,Congruent,GREEN,GREEN,GREEN,Correct,0.525167400002829
27,Congruent,แดง,RED,RED,Correct,0.675249499996426
28,Incongruent,RED,BLUE,BLUE,Correct,0.798760400000901
29,Congruent,ดำ,BLACK,BLACK,Correct,0.653951599997527
30,Congruent,GREEN,GREEN,GREEN,Correct,0.776294499999494
31,Incongruent,ฟ้า,GREEN,BLUE,Incorrect,0.508462700003292
32,Congruent,BLACK,BLACK,BLACK,Correct,0.439850700000534
33,Congruent,ดำ,BLACK,RED,Incorrect,0.458379299998342
34,Incongruent,RED,BLACK,BLACK,Correct,0.436665500004892
35,Congruent,แดง,RED,RED,Correct,0.530685500001709
36,Incongruent,BLUE,BLACK,BLACK,Correct,0.868188100001134
37,Incongruent,ดำ,RED,RED,Correct,0.556138800006011
38,Congruent,BLUE,BLUE,BLUE,Correct,0.705077099999471
39,Congruent,แดง,RED,RED,Correct,0.753485200002615
40,Incongruent,BLACK,RED,RED,Correct,0.664632800006075
41,Congruent,ฟ้า,BLUE,BLUE,Correct,0.869491299999936
42,Incongruent,BLUE,BLACK,BLACK,Correct,0.559502599993721
43,Congruent,แดง,RED,RED,Correct,0.48853589999635
44,Incongruent,GREEN,BLACK,BLACK,Correct,0.748456499997701
45,Incongruent,ดำ,BLUE,GREEN,Incorrect,1.02283879999595
46,Congruent,BLACK,BLACK,BLACK,Correct,0.835743799994816
47,Congruent,เขียว,GREEN,GREEN,Correct,2.05877429999964
48,Congruent,RED,RED,RED,Correct,0.61910170000192
49,Incongruent,แดง,GREEN,GREEN,Correct,0.840533900001901
50,Congruent,GREEN,GREEN,GREEN,Correct,0.564815099998668
51,Congruent,แดง,RED,RED,Correct,0.499208100001852
52,Incongruent,RED,BLACK,BLACK,Correct,0.786844199996267
53,Incongruent,ดำ,RED,RED,Correct,0.747295500004839
54,Incongruent,RED,BLACK,BLACK,Correct,0.790838900000381
55,Incongruent,ดำ,GREEN,GREEN,Correct,0.948545799998101
56,Incongruent,RED,BLUE,BLUE,Correct,0.698450199997751
57,Incongruent,แดง,BLACK,RED,Incorrect,0.619101500000397
58,Incongruent,BLACK,BLUE,BLACK,Incorrect,0.801997900001879
59,Congruent,ดำ,BLACK,BLACK,Correct,0.976928900003259
60,Incongruent,GREEN,RED,RED,Correct,1.60888400000113
1,Incongruent,GREEN,RED,RED,Correct,0.844194000004791
2,Congruent,BLACK,BLACK,BLACK,Correct,0.492237000005844
3,Congruent,RED,RED,RED,Correct,0.444310300001234
4,Congruent,GREEN,GREEN,BLUE,Incorrect,0.761287799999991
5,Incongruent,BLACK,GREEN,GREEN,Correct,0.636590399997658
6,Incongruent,GREEN,RED,RED,Correct,0.624763100000564
7,Incongruent,BLUE,RED,GREEN,Incorrect,0.412624500000675
8,Congruent,BLACK,BLACK,BLACK,Correct,0.492351100001542
9,Incongruent,BLUE,RED,GREEN,Incorrect,0.436484100006055
10,Incongruent,BLUE,BLACK,BLACK,Correct,0.810157199994137
11,Incongruent,GREEN,BLACK,BLACK,Correct,1.20004329999938
12,Incongruent,RED,BLUE,BLUE,Correct,0.640502900001593
13,Congruent,RED,RED,RED,Correct,0.568137700000079
14,Congruent,RED,RED,RED,Correct,0.69090850000066
15,Incongruent,RED,BLUE,BLUE,Correct,0.629312199998822
16,Congruent,GREEN,GREEN,GREEN,Correct,0.486876900002244
17,Incongruent,BLACK,BLUE,BLUE,Correct,0.678813899998204
18,Congruent,BLUE,BLUE,GREEN,Incorrect,0.582851300001494
19,Incongruent,BLUE,BLACK,BLACK,Correct,0.730988800001796
20,Incongruent,BLUE,RED,RED,Correct,0.931574700000056
21,Incongruent,BLUE,RED,RED,Correct,0.557719099997485
22,Congruent,GREEN,GREEN,GREEN,Correct,0.779567999998108
23,Congruent,BLACK,BLACK,BLACK,Correct,0.521573499994702
24,Congruent,BLUE,BLUE,BLUE,Correct,0.51051130000269
25,Incongruent,BLACK,GREEN,GREEN,Correct,0.404159600002458
26,Congruent,BLUE,BLUE,GREEN,Incorrect,0.566425099998014
27,Congruent,RED,RED,RED,Correct,0.984217700002773
28,Congruent,GREEN,GREEN,BLACK,Incorrect,0.911532600002829
29,Congruent,BLUE,BLUE,BLUE,Correct,0.832439199999499
30,Congruent,RED,RED,RED,Correct,0.616537599998992
31,Congruent,BLACK,BLACK,BLACK,Correct,0.886325799998303
32,Incongruent,BLACK,BLUE,-,No response,NaN
33,Incongruent,BLUE,GREEN,BLUE,Incorrect,0.180179099996167
34,Incongruent,BLUE,BLACK,BLACK,Correct,1.38581200000044
35,Congruent,GREEN,GREEN,GREEN,Correct,1.22227120000025
36,Incongruent,BLACK,BLUE,BLUE,Correct,0.684675999997125
37,Incongruent,RED,GREEN,GREEN,Correct,2.38369149999926
38,Incongruent,RED,BLACK,BLACK,Correct,0.692695700003242
39,Incongruent,BLUE,GREEN,GREEN,Correct,1.25988529999449
40,Congruent,GREEN,GREEN,GREEN,Correct,0.595281800000521
41,Incongruent,BLACK,RED,RED,Correct,0.811664699998801
42,Congruent,GREEN,GREEN,GREEN,Correct,0.584263500000816
43,Incongruent,GREEN,BLUE,BLUE,Correct,0.628630700004578
44,Incongruent,RED,BLACK,BLACK,Correct,0.756105400003435
45,Congruent,RED,RED,RED,Correct,0.605241999997816
46,Congruent,BLACK,BLACK,BLACK,Correct,0.845062500004133
47,Incongruent,BLUE,GREEN,GREEN,Correct,0.901115000000573
48,Incongruent,GREEN,BLACK,BLACK,Correct,0.626764399996318
49,Incongruent,BLACK,BLUE,BLUE,Correct,0.756064799999876
50,Congruent,RED,RED,RED,Correct,0.568562200001907
51,Congruent,RED,RED,RED,Correct,0.66536300000007
52,Incongruent,RED,GREEN,GREEN,Correct,1.26205820000177
53,Congruent,RED,RED,RED,Correct,0.617623599995568
54,Congruent,GREEN,GREEN,GREEN,Correct,0.68116849999933
55,Congruent,BLACK,BLACK,BLACK,Correct,0.561696000004304
56,Incongruent,GREEN,BLUE,BLUE,Correct,1.45709960000386
57,Congruent,RED,RED,GREEN,Incorrect,0.619919199998549
58,Congruent,RED,RED,RED,Correct,0.76580730000569
59,Incongruent,BLACK,BLUE,BLUE,Correct,1.06934919999912
60,Congruent,BLUE,BLUE,BLUE,Correct,0.512880900001619
1,Incongruent,เขียว,RED,RED,Correct,0.670403799995256
2,Incongruent,RED,GREEN,GREEN,Correct,1.32556340000156
3,Congruent,เขียว,GREEN,GREEN,Correct,0.38548389999778
4,Congruent,BLACK,BLACK,BLACK,Correct,0.501551199995447
5,Congruent,เขียว,GREEN,GREEN,Correct,0.468376400000125
6,Incongruent,BLACK,RED,RED,Correct,1.13764189999347
7,Congruent,แดง,RED,RED,Correct,0.509788900002604
8,Incongruent,GREEN,BLUE,BLUE,Correct,0.597507300000871
9,Incongruent,เขียว,RED,GREEN,Incorrect,0.690626099996734
10,Congruent,GREEN,GREEN,BLUE,Incorrect,0.85282030000235
11,Incongruent,เขียว,BLACK,BLACK,Correct,2.06135869999707
12,Incongruent,RED,BLUE,RED,Incorrect,0.789530400004878
13,Incongruent,ดำ,GREEN,GREEN,Correct,1.40699499999755
14,Congruent,RED,RED,RED,Correct,1.20690130000003
15,Congruent,แดง,RED,RED,Correct,0.623034399999597
16,Congruent,BLUE,BLUE,BLUE,Correct,0.579013299997314
17,Incongruent,แดง,BLUE,RED,Incorrect,0.661709800006065
18,Congruent,RED,RED,RED,Correct,0.635675400000764
19,Congruent,เขียว,GREEN,GREEN,Correct,1.78654429999733
20,Congruent,BLUE,BLUE,BLUE,Correct,0.37626569999702
21,Incongruent,ฟ้า,GREEN,GREEN,Correct,0.471290599998611
22,Incongruent,GREEN,RED,RED,Correct,0.728719200000342
23,Congruent,เขียว,GREEN,GREEN,Correct,0.508234400003857
24,Congruent,BLUE,BLUE,BLUE,Correct,0.494213300000411
25,Congruent,ฟ้า,BLUE,BLUE,Correct,0.438999300000432
26,Incongruent,BLUE,BLACK,BLACK,Correct,0.773057200000039
27,Congruent,ดำ,BLACK,BLACK,Correct,0.480815700000676
28,Congruent,RED,RED,RED,Correct,0.531099699997867
29,Congruent,ดำ,BLACK,BLACK,Correct,1.52523039999505
30,Congruent,BLACK,BLACK,BLACK,Correct,0.375571099997615
31,Incongruent,ฟ้า,BLACK,BLACK,Correct,0.351794599999266
32,Congruent,BLACK,BLACK,BLACK,Correct,0.33650459999626
33,Incongruent,ดำ,RED,RED,Correct,0.531385599999339
34,Congruent,GREEN,GREEN,GREEN,Correct,0.659859500003222
35,Congruent,ดำ,BLACK,BLACK,Correct,0.514820299998973
36,Incongruent,BLUE,RED,RED,Correct,0.528332599998976
37,Incongruent,ฟ้า,BLACK,BLUE,Incorrect,0.718792399995436
38,Incongruent,GREEN,BLACK,BLACK,Correct,2.5077919999967
39,Incongruent,ดำ,RED,RED,Correct,0.474956899997778
40,Incongruent,GREEN,BLACK,BLACK,Correct,0.376944100004039
41,Congruent,แดง,RED,RED,Correct,0.511410999999498
42,Incongruent,RED,BLACK,BLACK,Correct,0.37713470000017
43,Congruent,เขียว,GREEN,GREEN,Correct,0.591321300002164
44,Congruent,RED,RED,RED,Correct,0.518771299997752
45,Congruent,ดำ,BLACK,BLACK,Correct,0.590284099998826
46,Congruent,BLUE,BLUE,BLUE,Correct,0.541414100000111
47,Incongruent,เขียว,BLUE,BLUE,Correct,0.455117099998461
48,Incongruent,GREEN,RED,RED,Correct,0.612235100001271
49,Congruent,เขียว,GREEN,GREEN,Correct,0.567142200001399
50,Incongruent,GREEN,BLUE,BLUE,Correct,0.743539300005068
51,Incongruent,แดง,BLUE,BLUE,Correct,0.578991900001711
52,Congruent,BLACK,BLACK,BLACK,Correct,0.473020400000678
53,Incongruent,ฟ้า,BLACK,BLACK,Correct,0.895922999996401
54,Congruent,BLACK,BLACK,BLACK,Correct,0.426767299999483
55,Incongruent,แดง,BLUE,RED,Incorrect,0.746301300001505
56,Incongruent,RED,GREEN,GREEN,Correct,0.590118899999652
57,Incongruent,ดำ,GREEN,GREEN,Correct,0.615380899995216
58,Incongruent,BLACK,RED,RED,Correct,1.02225229999749
59,Incongruent,เขียว,RED,RED,Correct,0.595072900003288
60,Congruent,GREEN,GREEN,GREEN,Correct,1.43155140000454
