No.,Type of trial,Color Word,Ink Color,Response Color,Result Response,Reaction time
1,Congruent,BLUE,BLUE,-,No response,NaN
2,Congruent,RED,RED,BLUE,Incorrect,0.181332100000873
3,Congruent,BLUE,BLUE,BLUE,Correct,2.14903570000024
4,Incongruent,BLACK,GREEN,GREEN,Correct,1.53408240000135
5,Congruent,BLACK,BLACK,BLACK,Correct,0.823194199998397
6,Incongruent,BLACK,RED,RED,Correct,0.826844299997902
7,Congruent,RED,RED,RED,Correct,0.797371799999382
8,Incongruent,RED,BLACK,BLACK,Correct,0.725569900001574
9,Congruent,BLACK,BLACK,BLACK,Correct,0.869069799999124
10,Incongruent,RED,GREEN,GREEN,Correct,0.989929600000323
11,Incongruent,BLACK,RED,RED,Correct,0.570951500005322
12,Congruent,BLUE,BLUE,BLUE,Correct,0.630257900003926
13,Congruent,GREEN,GREEN,RED,Incorrect,0.914983200003917
14,Incongruent,BLACK,RED,GREEN,Incorrect,1.02437089999876
15,Congruent,BLUE,BLUE,-,No response,NaN
16,Congruent,BLUE,BLUE,-,No response,NaN
17,Congruent,GREEN,GREEN,BLUE,Incorrect,0.456713400002627
18,Incongruent,RED,BLUE,RED,Incorrect,0.1882048999978
19,Incongruent,GREEN,BLACK,BLACK,Correct,0.783468700006779
20,Congruent,RED,RED,RED,Correct,0.660517600001185
21,Congruent,RED,RED,RED,Correct,1.4913618999999
22,Congruent,GREEN,GREEN,GREEN,Correct,0.88230029999977
23,Incongruent,GREEN,BLACK,-,No response,NaN
24,Incongruent,BLUE,BLACK,BLACK,Correct,0.0962681000019074
25,Incongruent,GREEN,BLACK,BLACK,Correct,0.802633400002378
26,Incongruent,RED,GREEN,GREEN,Correct,1.06188130000373
27,Congruent,BLACK,BLACK,BLACK,Correct,0.645032100001117
28,Congruent,BLUE,BLUE,BLUE,Correct,0.972713499999372
29,Congruent,GREEN,GREEN,GREEN,Correct,0.805398500000592
30,Congruent,BLUE,BLUE,BLUE,Correct,0.63283919999958
31,Congruent,GREEN,GREEN,GREEN,Correct,0.676350800000364
32,Congruent,GREEN,GREEN,GREEN,Correct,1.10870650000288
33,Incongruent,BLACK,GREEN,GREEN,Correct,0.88315270000021
34,Congruent,BLUE,BLUE,BLUE,Correct,0.946362599999702
35,Congruent,BLUE,BLUE,BLUE,Correct,0.607617200003006
36,Congruent,BLUE,BLUE,BLUE,Correct,0.544374400000379
37,Incongruent,RED,GREEN,RED,Incorrect,1.30810010000278
38,Congruent,GREEN,GREEN,GREEN,Correct,2.4381549000027
39,Incongruent,GREEN,BLUE,BLUE,Correct,0.656073899997864
40,Incongruent,BLUE,RED,RED,Correct,0.701060399995185
41,Incongruent,BLUE,RED,RED,Correct,0.769909100003133
42,Congruent,BLUE,BLUE,BLUE,Correct,0.917487999999139
43,Congruent,GREEN,GREEN,GREEN,Correct,0.721973499996238
44,Congruent,BLACK,BLACK,BLACK,Correct,0.646754800000053
45,Congruent,BLACK,BLACK,BLACK,Correct,0.445830800003023
46,Incongruent,GREEN,BLACK,BLACK,Correct,0.142570100004377
47,Incongruent,BLACK,GREEN,BLACK,Incorrect,0.0461247999992338
48,Incongruent,BLUE,GREEN,GREEN,Correct,1.32224709999718
49,Incongruent,RED,BLUE,GREEN,Incorrect,0.00078899999789428
50,Incongruent,BLUE,BLACK,BLACK,Correct,0.704519799997797
51,Incongruent,BLUE,GREEN,GREEN,Correct,0.844012199995632
52,Congruent,BLUE,BLUE,BLUE,Correct,0.42740049999702
53,Congruent,GREEN,GREEN,GREEN,Correct,0.56453099999635
54,Incongruent,BLACK,GREEN,BLACK,Incorrect,0.825208800000837
55,Incongruent,BLACK,RED,RED,Correct,0.837928699998884
56,Incongruent,BLACK,BLUE,BLUE,Correct,0.91313110000192
57,Incongruent,RED,BLUE,BLUE,Correct,0.687867799999367
58,Incongruent,GREEN,RED,RED,Correct,0.956694400003471
59,Incongruent,GREEN,BLACK,BLACK,Correct,0.641310499995598
60,Incongruent,BLUE,GREEN,GREEN,Correct,1.34104379999917
1,Incongruent,ดำ,RED,RED,Correct,1.85040369999479
2,Incongruent,BLACK,RED,RED,Correct,0.53608940000413
3,Congruent,ฟ้า,BLUE,BLUE,Correct,1.71950359999755
4,Congruent,GREEN,GREEN,GREEN,Correct,0.54513539999607
5,Incongruent,ฟ้า,GREEN,GREEN,Correct,0.425761099999363
6,Congruent,BLUE,BLUE,BLUE,Correct,0.579821200000879
7,Congruent,แดง,RED,RED,Correct,0.549106699996628
8,Congruent,RED,RED,RED,Correct,0.61765220000234
9,Incongruent,ดำ,BLUE,BLUE,Correct,0.593663799998467
10,Incongruent,BLUE,RED,RED,Correct,0.858230300000287
11,Incongruent,เขียว,RED,RED,Correct,0.401169400000072
12,Congruent,RED,RED,RED,Correct,0.605745799999568
13,Congruent,แดง,RED,RED,Correct,0.480630600002769
14,Congruent,GREEN,GREEN,GREEN,Correct,0.479726500001561
15,Incongruent,แดง,BLUE,BLUE,Correct,0.485445299993444
16,Incongruent,RED,BLACK,BLACK,Correct,0.467403700000432
17,Congruent,เขียว,GREEN,GREEN,Correct,0.789591299995664
18,Congruent,BLUE,BLUE,BLUE,Correct,0.51017629999842
19,Congruent,เขียว,GREEN,GREEN,Correct,0.595784500001173
20,Incongruent,BLUE,RED,RED,Correct,0.633185999999114
21,Incongruent,แดง,GREEN,GREEN,Correct,0.981943699996918
22,Congruent,BLACK,BLACK,BLACK,Correct,0.594642500000191
23,Incongruent,เขียว,RED,RED,Correct,0.814869899993937
24,Incongruent,BLACK,GREEN,GREEN,Correct,1.58154680000007
25,Congruent,แดง,RED,RED,Correct,1.90112139999837
26,Congruent,BLUE,BLUE,BLUE,Correct,0.732206100001349
27,Congruent,แดง,RED,RED,Correct,1.07564409999759
28,Incongruent,BLACK,BLUE,BLUE,Correct,0.714743900003668
29,Incongruent,เขียว,BLUE,BLUE,Correct,0.555320699997537
30,Congruent,RED,RED,GREEN,Incorrect,0.580690800001321
31,Incongruent,ฟ้า,RED,RED,Correct,0.822017799997411
32,Incongruent,BLUE,BLACK,BLUE,Incorrect,0.478250100000878
33,Congruent,ดำ,BLACK,BLACK,Correct,0.759227900001861
34,Congruent,BLACK,BLACK,BLACK,Correct,0.396825099996931
35,Congruent,ดำ,BLACK,BLACK,Correct,0.484677599997667
36,Incongruent,GREEN,RED,RED,Correct,0.83169210000051
37,Incongruent,เขียว,RED,RED,Correct,0.488712799997302
38,Incongruent,BLACK,RED,RED,Correct,0.46659560000262
39,Incongruent,ฟ้า,GREEN,GREEN,Correct,0.862092299998039
40,Congruent,BLUE,BLUE,BLUE,Correct,0.637052599995513
41,Incongruent,แดง,GREEN,BLUE,Incorrect,0.390305599998101
42,Incongruent,GREEN,RED,RED,Correct,1.35982829999557
43,Incongruent,ฟ้า,RED,RED,Correct,0.529614900005981
44,Congruent,RED,RED,RED,Correct,0.510606600000756
45,Incongruent,ดำ,BLUE,BLUE,Correct,0.589151899999706
46,Congruent,RED,RED,RED,Correct,0.779515400005039
47,Incongruent,เขียว,RED,RED,Correct,0.57758130000002
48,Incongruent,GREEN,RED,RED,Correct,0.409974199996213
49,Congruent,ดำ,BLACK,BLACK,Correct,0.545877999997174
50,Congruent,BLUE,BLUE,BLUE,Correct,0.917395700002089
51,Congruent,เขียว,GREEN,GREEN,Correct,0.642228799995792
52,Congruent,RED,RED,RED,Correct,0.902088800001366
53,Congruent,ดำ,BLACK,BLACK,Correct,0.686508499995398
54,Incongruent,GREEN,BLUE,BLUE,Correct,0.640503499998886
55,Incongruent,ดำ,BLUE,BLUE,Correct,0.601675799996883
56,Congruent,RED,RED,RED,Correct,0.585653900001489
57,Incongruent,เขียว,BLUE,BLUE,Correct,0.89369330000045
58,Congruent,BLACK,BLACK,BLACK,Correct,0.553046499997436
59,Incongruent,ฟ้า,BLACK,BLACK,Correct,0.551170200000342
60,Congruent,RED,RED,RED,Correct,0.579228299997339
1,Congruent,แดง,RED,RED,Correct,0.757415399995807
2,Congruent,ฟ้า,BLUE,-,No response,NaN
3,Incongruent,เขียว,RED,-,No response,NaN
4,Incongruent,เขียว,BLACK,BLACK,Correct,1.37528719999682
5,Congruent,แดง,RED,RED,Correct,0.649622199998703
6,Incongruent,เขียว,BLUE,BLUE,Correct,0.856760500006203
7,Congruent,ดำ,BLACK,BLACK,Correct,0.689698200003477
8,Congruent,เขียว,GREEN,GREEN,Correct,1.34195540000655
9,Incongruent,แดง,GREEN,GREEN,Correct,0.388019599995459
10,Incongruent,เขียว,RED,RED,Correct,1.0025880999965
11,Congruent,เขียว,GREEN,GREEN,Correct,0.731345199994394
12,Incongruent,ดำ,GREEN,GREEN,Correct,0.546573899999203
13,Congruent,แดง,RED,RED,Correct,0.589165900004446
14,Congruent,แดง,RED,RED,Correct,1.36025179999706
15,Incongruent,แดง,BLUE,BLUE,Correct,2.40849319999688
16,Incongruent,ดำ,GREEN,GREEN,Correct,0.708645999999135
17,Incongruent,ฟ้า,RED,RED,Correct,0.747062700000242
18,Incongruent,เขียว,BLACK,BLACK,Correct,0.692671099997824
19,Congruent,เขียว,GREEN,GREEN,Correct,0.878884900004778
20,Congruent,ดำ,BLACK,BLACK,Correct,0.777026900002966
21,Incongruent,ดำ,GREEN,GREEN,Correct,1.1522186000002
22,Incongruent,แดง,GREEN,GREEN,Correct,0.721131000005698
23,Incongruent,ฟ้า,BLACK,BLACK,Correct,0.636984700002358
24,Congruent,ฟ้า,BLUE,BLUE,Correct,0.799485299998196
25,Congruent,ดำ,BLACK,BLACK,Correct,0.732015599998704
26,Incongruent,แดง,GREEN,GREEN,Correct,1.05427979999513
27,Incongruent,เขียว,RED,RED,Correct,0.917645900000934
28,Congruent,แดง,RED,RED,Correct,0.615387599995302
29,Incongruent,แดง,BLUE,BLUE,Correct,0.769942499995523
30,Incongruent,ฟ้า,GREEN,GREEN,Correct,0.833047799998894
31,Incongruent,เขียว,RED,RED,Correct,0.69471650000196
32,Congruent,ดำ,BLACK,BLACK,Correct,0.565187299995159
33,Congruent,ดำ,BLACK,BLACK,Correct,0.732608099999197
34,Congruent,เขียว,GREEN,GREEN,Correct,0.753821500002232
35,Congruent,ดำ,BLACK,BLACK,Correct,0.852170600002864
36,Congruent,เขียว,GREEN,GREEN,Correct,0.639007700003276
37,Incongruent,เขียว,BLACK,BLACK,Correct,0.843170999993163
38,Congruent,ดำ,BLACK,BLACK,Correct,0.729443399999582
39,Congruent,ดำ,BLACK,BLACK,Correct,0.926563300003181
40,Congruent,เขียว,GREEN,GREEN,Correct,0.905391200001759
41,Incongruent,ดำ,GREEN,GREEN,Correct,0.39651330000197
42,Congruent,แดง,RED,RED,Correct,0.511144000003696
43,Incongruent,แดง,BLACK,BLACK,Correct,0.629962700004398
44,Congruent,ดำ,BLACK,BLACK,Correct,0.481425099998887
45,Congruent,ฟ้า,BLUE,BLUE,Correct,1.08592079999653
46,Congruent,แดง,RED,RED,Correct,2.03695599999628
47,Incongruent,ดำ,BLUE,BLACK,Incorrect,0.937488499999745
48,Incongruent,แดง,BLUE,BLUE,Correct,0.533373599995684
49,Congruent,ฟ้า,BLUE,BLUE,Correct,0.347049399999378
50,Congruent,ฟ้า,BLUE,BLUE,Correct,0.472832900006324
51,Incongruent,ดำ,BLUE,BLUE,Correct,0.368354699996416
52,Congruent,แดง,RED,BLUE,Incorrect,0.720015600003535
53,Incongruent,ฟ้า,BLACK,BLACK,Correct,0.80982710000535
54,Incongruent,แดง,GREEN,GREEN,Correct,0.78356110000459
55,Incongruent,ฟ้า,BLACK,BLACK,Correct,0.54088960000081
56,Incongruent,เขียว,BLUE,BLUE,Correct,0.731069900000875
57,Incongruent,แดง,BLACK,BLACK,Correct,0.597314999999071
58,Congruent,ดำ,BLACK,BLACK,Correct,0.661727400001837
59,Incongruent,แดง,BLUE,BLUE,Correct,1.79907850000018
60,Congruent,แดง,RED,RED,Correct,0.659456399996998
1,Incongruent,ดำ,RED,RED,Correct,1.89198009999382
2,Incongruent,BLACK,GREEN,GREEN,Correct,1.3924704999954
3,Congruent,เขียว,GREEN,GREEN,Correct,0.570351599999412
4,Incongruent,BLACK,RED,RED,Correct,1.84573020000244
5,Congruent,ฟ้า,BLUE,BLUE,Correct,0.768966299998283
6,Congruent,GREEN,GREEN,GREEN,Correct,2.47883710000315
7,Congruent,ดำ,BLACK,BLACK,Correct,0.668320500000846
8,Incongruent,BLUE,GREEN,GREEN,Correct,2.01848420000169
9,Incongruent,ดำ,RED,RED,Correct,1.35570750000625
10,Congruent,BLACK,BLACK,BLACK,Correct,1.78419010000653
11,Congruent,ดำ,BLACK,BLACK,Correct,0.694228500004101
12,Incongruent,RED,BLUE,BLUE,Correct,2.28017260000343
13,Congruent,เขียว,GREEN,-,No response,NaN
14,Congruent,BLUE,BLUE,-,No response,NaN
15,Incongruent,แดง,BLACK,BLUE,Incorrect,0.000618999998550862
16,Congruent,RED,RED,RED,Correct,1.33647070000006
17,Incongruent,เขียว,BLUE,BLUE,Correct,1.11368860000221
18,Congruent,BLACK,BLACK,BLACK,Correct,0.867551700001059
19,Congruent,แดง,RED,RED,Correct,0.713903299998492
20,Congruent,RED,RED,RED,Correct,0.419006000003719
21,Incongruent,แดง,GREEN,GREEN,Correct,0.814453000006324
22,Incongruent,RED,BLUE,BLUE,Correct,0.644942099999753
23,Incongruent,ฟ้า,RED,RED,Correct,0.666301299999759
24,Incongruent,BLUE,GREEN,BLUE,Incorrect,2.43833430000086
25,Incongruent,เขียว,BLACK,BLACK,Correct,1.30594899999414
26,Congruent,BLUE,BLUE,BLUE,Correct,1.09718869999779
27,Congruent,เขียว,GREEN,GREEN,Correct,1.98297250000178
28,Incongruent,GREEN,RED,RED,Correct,1.28721200000291
29,Congruent,ฟ้า,BLUE,BLUE,Correct,0.719960200003698
30,Incongruent,BLACK,GREEN,GREEN,Correct,0.893741100000625
31,Congruent,แดง,RED,RED,Correct,1.24556479999592
32,Incongruent,BLACK,GREEN,GREEN,Correct,1.94797680000192
33,Incongruent,เขียว,BLACK,BLACK,Correct,0.502626800000144
34,Incongruent,BLACK,GREEN,BLACK,Incorrect,0.743419300000824
35,Congruent,แดง,RED,RED,Correct,0.603793499998574
36,Congruent,BLACK,BLACK,BLACK,Correct,0.582763400001568
37,Incongruent,เขียว,RED,RED,Correct,1.73285849999957
38,Congruent,RED,RED,RED,Correct,0.414883700002974
39,Incongruent,ฟ้า,RED,RED,Correct,0.401614499998686
40,Congruent,BLACK,BLACK,BLUE,Incorrect,0.542243700001563
41,Incongruent,เขียว,RED,-,No response,NaN
42,Incongruent,RED,GREEN,-,No response,NaN
43,Congruent,เขียว,GREEN,GREEN,Correct,0.528459799999837
44,Incongruent,GREEN,RED,RED,Correct,0.572111499997845
45,Congruent,เขียว,GREEN,GREEN,Correct,0.588763200001267
46,Congruent,RED,RED,RED,Correct,0.909397299998091
47,Congruent,แดง,RED,RED,Correct,0.380140600005689
48,Incongruent,BLUE,BLACK,BLACK,Correct,0.637081600005331
49,Congruent,ฟ้า,BLUE,-,No response,NaN
50,Incongruent,BLUE,RED,RED,Correct,0.619299099998898
51,Congruent,ฟ้า,BLUE,BLUE,Correct,0.628500300001178
52,Incongruent,BLACK,RED,RED,Correct,0.870137400001113
53,Congruent,แดง,RED,RED,Correct,0.390526000002865
54,Incongruent,RED,BLUE,BLUE,Correct,0.924260600004345
55,Congruent,แดง,RED,RED,Correct,0.602970300002198
56,Incongruent,RED,GREEN,GREEN,Correct,1.0879178000032
57,Congruent,เขียว,GREEN,GREEN,Correct,0.54669780000404
58,Incongruent,BLACK,GREEN,GREEN,Correct,0.52327669999795
59,Incongruent,ดำ,BLUE,BLUE,Correct,0.700275900002453
60,Congruent,BLACK,BLACK,BLACK,Correct,0.531990499999665
