No.,Type of trial,Color Word,Ink Color,Response Color,Result Response,Reaction time
1,Incongruent,แดง,GREEN,GREEN,Correct,0.867110099999991
2,Incongruent,ดำ,RED,BLUE,Incorrect,0.356029700000363
3,Incongruent,ฟ้า,BLACK,GREEN,Incorrect,0.322834599999624
4,Incongruent,ฟ้า,GREEN,BLUE,Incorrect,0.276369900000645
5,Congruent,ฟ้า,BLUE,GREEN,Incorrect,0.249986799999533
6,Incongruent,แดง,BLUE,BLUE,Correct,0.295098499998858
7,Incongruent,ฟ้า,RED,GREEN,Incorrect,0.282243199999357
8,Congruent,ดำ,BLACK,BLUE,Incorrect,0.300405899999532
9,Congruent,ฟ้า,BLUE,GREEN,Incorrect,0.292796300000191
10,Incongruent,ฟ้า,RED,BLUE,Incorrect,0.280790900000284
11,Congruent,ดำ,BLACK,GREEN,Incorrect,0.267864299999928
12,Incongruent,ดำ,RED,BLUE,Incorrect,0.299628500000836
13,Incongruent,เขียว,BLUE,GREEN,Incorrect,0.256512599999041
14,Congruent,ดำ,BLACK,BLUE,Incorrect,0.223301699999865
15,Congruent,ฟ้า,BLUE,GREEN,Incorrect,0.246223399999508
16,Incongruent,ฟ้า,BLACK,BLUE,Incorrect,0.261827899999844
17,Congruent,เขียว,GREEN,GREEN,Correct,0.359780800001317
18,Congruent,ฟ้า,BLUE,BLUE,Correct,0.310612100000071
19,Incongruent,ดำ,GREEN,GREEN,Correct,0.226007400000526
20,Congruent,ดำ,BLACK,BLUE,Incorrect,0.357266900000468
21,Congruent,เขียว,GREEN,GREEN,Correct,0.369011700000556
22,Incongruent,ฟ้า,RED,BLUE,Incorrect,0.248611099999835
23,Incongruent,แดง,BLACK,GREEN,Incorrect,0.247555700001612
24,Congruent,ดำ,BLACK,BLUE,Incorrect,0.300920899999255
25,Incongruent,ดำ,GREEN,BLUE,Incorrect,0.274016499999561
26,Incongruent,ดำ,RED,GREEN,Incorrect,0.2477686000002
27,Incongruent,เขียว,BLACK,BLUE,Incorrect,0.296667500000694
28,Incongruent,ดำ,GREEN,GREEN,Correct,0.274308699999892
29,Congruent,แดง,RED,BLUE,Incorrect,0.259027399999468
30,Incongruent,แดง,BLACK,GREEN,Incorrect,0.159720100000413
31,Incongruent,แดง,GREEN,BLUE,Incorrect,0.228514900001755
32,Congruent,เขียว,GREEN,GREEN,Correct,0.0749177000016061
33,Congruent,ดำ,BLACK,BLUE,Incorrect,0.149985599999127
34,Congruent,เขียว,GREEN,GREEN,Correct,0.167889000000287
35,Incongruent,ฟ้า,RED,BLUE,Incorrect,0.17401240000072
36,Congruent,ฟ้า,BLUE,GREEN,Incorrect,0.101761199999601
37,Incongruent,ดำ,GREEN,BLUE,Incorrect,0.177905700000338
38,Congruent,เขียว,GREEN,GREEN,Correct,0.139782700000069
39,Incongruent,ฟ้า,BLACK,BLUE,Incorrect,0.167771899999934
40,Congruent,ดำ,BLACK,GREEN,Incorrect,0.103839000001244
41,Congruent,เขียว,GREEN,BLUE,Incorrect,0.237870200000543
42,Congruent,ฟ้า,BLUE,GREEN,Incorrect,0.270351099999971
43,Incongruent,เขียว,BLACK,BLUE,Incorrect,0.163038800001232
44,Incongruent,เขียว,RED,GREEN,Incorrect,0.185443999998824
45,Congruent,เขียว,GREEN,GREEN,Correct,0.034786999998687
46,Congruent,แดง,RED,GREEN,Incorrect,0.0707228999999643
47,Incongruent,แดง,GREEN,GREEN,Correct,0.152801199999885
48,Incongruent,เขียว,BLACK,GREEN,Incorrect,0.113447600000654
49,Incongruent,แดง,BLACK,GREEN,Incorrect,0.0814349000011134
50,Congruent,ดำ,BLACK,GREEN,Incorrect,0.212973200001215
51,Congruent,ฟ้า,BLUE,GREEN,Incorrect,0.233603799999401
52,Congruent,เขียว,GREEN,GREEN,Correct,0.269665299998451
53,Congruent,ดำ,BLACK,GREEN,Incorrect,0.296137499999531
54,Congruent,แดง,RED,GREEN,Incorrect,0.352540800000497
55,Incongruent,แดง,BLUE,GREEN,Incorrect,0.347918600000412
56,Congruent,แดง,RED,BLUE,Incorrect,0.456633599998895
57,Incongruent,ดำ,RED,BLUE,Incorrect,0.361812299999656
58,Congruent,ฟ้า,BLUE,BLUE,Correct,0.311622699999134
59,Incongruent,ฟ้า,RED,GREEN,Incorrect,0.000319099999614991
60,Congruent,เขียว,GREEN,GREEN,Correct,0.0579803000000538
1,Congruent,BLUE,BLUE,BLUE,Correct,0.429286900000079
2,Congruent,BLACK,BLACK,BLUE,Incorrect,0.182136499999615
3,Incongruent,RED,BLUE,BLUE,Correct,0.211643900000126
4,Incongruent,GREEN,BLUE,BLUE,Correct,0.118130799999562
5,Congruent,BLACK,BLACK,BLUE,Incorrect,0.14318429999912
6,Incongruent,BLUE,GREEN,BLUE,Incorrect,0.195538899999519
7,Incongruent,BLACK,RED,BLUE,Incorrect,0.265883599999142
8,Congruent,RED,RED,BLUE,Incorrect,0.296920600001613
9,Incongruent,RED,BLACK,GREEN,Incorrect,0.000323700000080862
10,Incongruent,GREEN,BLUE,GREEN,Incorrect,0.109961300000577
11,Incongruent,RED,BLUE,GREEN,Incorrect,0.207719999998517
12,Incongruent,BLACK,RED,GREEN,Incorrect,0.210485999999946
13,Incongruent,GREEN,RED,GREEN,Incorrect,0.178949999999531
14,Congruent,RED,RED,GREEN,Incorrect,0.253312299999379
15,Incongruent,RED,BLUE,GREEN,Incorrect,0.211407299999337
16,Incongruent,BLACK,RED,GREEN,Incorrect,0.258389700000407
17,Congruent,BLUE,BLUE,GREEN,Incorrect,0.220840199999657
18,Incongruent,BLUE,BLACK,GREEN,Incorrect,0.205561400000079
19,Congruent,BLACK,BLACK,GREEN,Incorrect,0.239222399999562
20,Congruent,BLUE,BLUE,GREEN,Incorrect,0.29504470000029
21,Congruent,GREEN,GREEN,GREEN,Correct,0.187483300000167
22,Incongruent,BLACK,BLUE,GREEN,Incorrect,0.186461900000722
23,Congruent,BLUE,BLUE,GREEN,Incorrect,0.257085299999744
24,Congruent,BLACK,BLACK,GREEN,Incorrect,0.344503000000259
25,Incongruent,RED,BLUE,GREEN,Incorrect,0.450415400000566
26,Congruent,RED,RED,GREEN,Incorrect,0.223378799999409
27,Congruent,BLUE,BLUE,GREEN,Incorrect,0.238438099999257
28,Incongruent,BLUE,RED,GREEN,Incorrect,0.211156100000153
29,Incongruent,BLUE,GREEN,GREEN,Correct,0.118659499999922
30,Incongruent,GREEN,BLACK,GREEN,Incorrect,0.20980530000088
31,Incongruent,BLACK,RED,BLUE,Incorrect,0.0002732000011747
32,Congruent,BLUE,BLUE,BLUE,Correct,0.0515121999997064
33,Congruent,BLACK,BLACK,GREEN,Incorrect,0.0962976999999228
34,Congruent,BLUE,BLUE,GREEN,Incorrect,0.373373700000229
35,Incongruent,BLACK,GREEN,GREEN,Correct,0.362862099998893
36,Incongruent,GREEN,BLACK,GREEN,Incorrect,0.25509460000103
37,Incongruent,RED,BLACK,GREEN,Incorrect,0.12047050000001
38,Congruent,RED,RED,GREEN,Incorrect,0.179350899999918
39,Incongruent,GREEN,BLACK,GREEN,Incorrect,0.150906400000167
40,Congruent,BLUE,BLUE,GREEN,Incorrect,0.319794999999431
41,Congruent,RED,RED,GREEN,Incorrect,0.258316400000695
42,Congruent,GREEN,GREEN,GREEN,Correct,0.285355199999685
43,Incongruent,GREEN,BLACK,GREEN,Incorrect,0.21178879999934
44,Congruent,BLACK,BLACK,GREEN,Incorrect,0.18677839999873
45,Congruent,RED,RED,GREEN,Incorrect,0.314532800000961
46,Congruent,BLUE,BLUE,GREEN,Incorrect,0.324634999999034
47,Incongruent,BLUE,BLACK,BLUE,Incorrect,0.000331799999912619
48,Congruent,BLUE,BLUE,BLUE,Correct,0.222855799998797
49,Incongruent,GREEN,BLUE,GREEN,Incorrect,0.000296199999866076
50,Incongruent,GREEN,BLACK,GREEN,Incorrect,0.173204900000201
51,Incongruent,BLUE,BLACK,GREEN,Incorrect,0.197766400000546
52,Incongruent,RED,BLUE,GREEN,Incorrect,0.234785099999499
53,Congruent,GREEN,GREEN,GREEN,Correct,0.212738700000045
54,Congruent,RED,RED,GREEN,Incorrect,0.2065816000013
55,Congruent,GREEN,GREEN,GREEN,Correct,0.182587899998907
56,Congruent,BLUE,BLUE,GREEN,Incorrect,0.190501399998539
57,Congruent,GREEN,GREEN,GREEN,Correct,0.134549599999445
58,Incongruent,GREEN,BLUE,GREEN,Incorrect,0.162107199999809
59,Congruent,BLUE,BLUE,GREEN,Incorrect,0.172659100000601
60,Incongruent,BLACK,BLUE,GREEN,Incorrect,0.18344849999994
1,Congruent,ฟ้า,BLUE,GREEN,Incorrect,0.532023100000515
2,Incongruent,BLUE,BLACK,GREEN,Incorrect,0.204132700000628
3,Congruent,แดง,RED,GREEN,Incorrect,0.193626000000222
4,Incongruent,BLACK,RED,GREEN,Incorrect,0.264559100000042
5,Incongruent,แดง,BLUE,GREEN,Incorrect,0.272095799999079
6,Congruent,RED,RED,GREEN,Incorrect,0.28893920000155
7,Incongruent,เขียว,RED,BLUE,Incorrect,0.000273600000582519
8,Incongruent,BLACK,GREEN,GREEN,Correct,0.220719999999346
9,Congruent,แดง,RED,BLUE,Incorrect,0.505239999998594
10,Congruent,BLACK,BLACK,BLUE,Incorrect,0.280492600000798
11,Incongruent,แดง,GREEN,GREEN,Correct,0.379352900001322
12,Incongruent,GREEN,RED,BLUE,Incorrect,0.561866900001405
13,Congruent,ดำ,BLACK,BLUE,Incorrect,0.153666899999735
14,Congruent,GREEN,GREEN,GREEN,Correct,0.356641899999886
15,Congruent,ดำ,BLACK,BLUE,Incorrect,0.000315900000714464
16,Congruent,BLUE,BLUE,GREEN,Incorrect,0.515039699999761
17,Congruent,ดำ,BLACK,GREEN,Incorrect,0.27170279999882
18,Congruent,RED,RED,BLUE,Incorrect,0.00033159999838972
19,Incongruent,ดำ,RED,BLUE,Incorrect,0.0512779999990016
20,Congruent,BLACK,BLACK,BLUE,Incorrect,0.221802199999729
21,Incongruent,ดำ,RED,BLUE,Incorrect,0.270391900001414
22,Congruent,BLACK,BLACK,GREEN,Incorrect,0.340251300000091
23,Incongruent,เขียว,BLACK,BLUE,Incorrect,0.000298900000416324
24,Incongruent,GREEN,BLACK,BLUE,Incorrect,0.0989109000001918
25,Congruent,ดำ,BLACK,GREEN,Incorrect,0.117424299998675
26,Congruent,GREEN,GREEN,BLUE,Incorrect,0.28915699999925
27,Congruent,แดง,RED,GREEN,Incorrect,0.32659269999931
28,Congruent,RED,RED,BLUE,Incorrect,0.229242900000827
29,Incongruent,ดำ,RED,BLUE,Incorrect,0.296579400001065
30,Incongruent,BLUE,BLACK,BLUE,Incorrect,0.178580199999487
31,Incongruent,เขียว,BLUE,BLUE,Correct,0.201655999999275
32,Congruent,GREEN,GREEN,BLUE,Incorrect,0.16773110000031
33,Congruent,แดง,RED,GREEN,Incorrect,0.00029039999935776
34,Incongruent,BLACK,GREEN,GREEN,Correct,0.372601099999883
35,Incongruent,แดง,BLACK,GREEN,Incorrect,0.000404100001105689
36,Congruent,RED,RED,BLUE,Incorrect,0.431313600000067
37,Incongruent,แดง,GREEN,GREEN,Correct,0.0153053999983968
38,Congruent,BLACK,BLACK,GREEN,Incorrect,0.456895700001041
39,Incongruent,ดำ,BLUE,BLUE,Correct,0.000310499999613967
40,Incongruent,BLUE,BLACK,GREEN,Incorrect,0.288661600001433
41,Incongruent,เขียว,BLUE,BLUE,Correct,0.000305700001263176
42,Incongruent,BLACK,BLUE,BLUE,Correct,0.357726399999592
43,Congruent,ฟ้า,BLUE,GREEN,Incorrect,0.000373900000340655
44,Incongruent,RED,BLUE,GREEN,Incorrect,0.179439899999124
45,Congruent,แดง,RED,GREEN,Incorrect,0.000307099999190541
46,Congruent,RED,RED,GREEN,Incorrect,0.00847019999855547
47,Incongruent,ดำ,RED,GREEN,Incorrect,0.389959799998906
48,Incongruent,RED,BLUE,BLUE,Correct,0.258696200000486
49,Incongruent,ดำ,BLUE,BLUE,Correct,0.245356400000674
50,Incongruent,BLACK,RED,GREEN,Incorrect,0.0026426000003994
51,Incongruent,เขียว,RED,GREEN,Incorrect,0.24241339999935
52,Congruent,GREEN,GREEN,BLUE,Incorrect,0.000302599999486119
53,Incongruent,แดง,BLUE,BLUE,Correct,0.123996100001023
54,Congruent,RED,RED,BLUE,Incorrect,0.205152099999395
55,Incongruent,แดง,GREEN,BLUE,Incorrect,0.197993300000235
56,Congruent,GREEN,GREEN,BLUE,Incorrect,0.237163499999951
57,Congruent,ฟ้า,BLUE,BLUE,Correct,0.237248700001146
58,Congruent,GREEN,GREEN,BLUE,Incorrect,0.273451299999579
59,Congruent,ฟ้า,BLUE,BLUE,Correct,0.218704200000502
60,Incongruent,BLACK,RED,GREEN,Incorrect,0.230767200000628
