No.,Type of trial,Color Word,Ink Color,Response Color,Result Response,Reaction time
1,Congruent,ดำ,BLACK,BLACK,Correct,0.946973700003582
2,Incongruent,เขียว,BLACK,BLACK,Correct,0.28262679999898
3,Congruent,ดำ,BLACK,BLACK,Correct,0.551317199999176
4,Congruent,แดง,RED,BLUE,Incorrect,0.701701599995431
5,Incongruent,แดง,BLACK,BLACK,Correct,2.7887602999981
6,Incongruent,ดำ,GREEN,BLUE,Incorrect,2.22023730000365
7,Congruent,ดำ,BLACK,BLACK,Correct,0.857302000003983
8,Incongruent,แดง,BLUE,-,No response,NaN
9,Congruent,ฟ้า,BLUE,BLUE,Correct,0.431427399998938
10,Incongruent,ฟ้า,RED,-,No response,NaN
11,Incongruent,ดำ,BLUE,BLUE,Correct,2.87229339999612
12,Incongruent,ดำ,BLUE,BLUE,Correct,2.34901309999987
13,Congruent,ดำ,BLACK,BLACK,Correct,1.01374129999749
14,Incongruent,เขียว,RED,RED,Correct,1.43756969999959
15,Congruent,ดำ,BLACK,BLACK,Correct,0.944595900000422
16,Incongruent,ดำ,RED,RED,Correct,0.541515700002492
17,Congruent,ฟ้า,BLUE,BLUE,Correct,1.15787529999943
18,Incongruent,แดง,GREEN,GREEN,Correct,0.835319999998319
19,Congruent,ฟ้า,BLUE,RED,Incorrect,0.977122199998121
20,Congruent,แดง,RED,RED,Correct,1.70552339999995
21,Incongruent,ฟ้า,BLACK,BLACK,Correct,0.889355400002387
22,Congruent,ฟ้า,BLUE,BLUE,Correct,1.00567640000372
23,Congruent,ฟ้า,BLUE,BLUE,Correct,2.55280529999436
24,Incongruent,ดำ,BLUE,BLUE,Correct,1.0123734000008
25,Congruent,เขียว,GREEN,-,No response,NaN
26,Incongruent,แดง,BLACK,GREEN,Incorrect,0.0230788999979268
27,Incongruent,เขียว,RED,RED,Correct,1.55436080000072
28,Congruent,แดง,RED,RED,Correct,0.575218900004984
29,Congruent,ฟ้า,BLUE,BLUE,Correct,1.95387440000195
30,Congruent,ดำ,BLACK,BLACK,Correct,0.638143399999535
31,Incongruent,เขียว,RED,RED,Correct,0.793871399997442
32,Congruent,ฟ้า,BLUE,BLUE,Correct,1.9184516000023
33,Congruent,แดง,RED,RED,Correct,1.9778176999971
34,Incongruent,ฟ้า,BLACK,BLACK,Correct,1.03665670000191
35,Congruent,ดำ,BLACK,BLACK,Correct,1.99337680000463
36,Incongruent,เขียว,BLACK,BLACK,Correct,1.21139210000547
37,Congruent,ดำ,BLACK,BLACK,Correct,0.436451399997168
38,Incongruent,ฟ้า,BLACK,BLACK,Correct,0.392382300000463
39,Congruent,ฟ้า,BLUE,BLUE,Correct,2.6185215000005
40,Congruent,แดง,RED,RED,Correct,1.170678399998
41,Incongruent,แดง,GREEN,GREEN,Correct,2.35436019999906
42,Incongruent,เขียว,RED,RED,Correct,2.3986619999996
43,Incongruent,ฟ้า,BLACK,BLACK,Correct,2.34842510000453
44,Incongruent,แดง,BLACK,BLACK,Correct,0.627797100001771
45,Congruent,เขียว,GREEN,GREEN,Correct,2.70385449999594
46,Incongruent,ฟ้า,GREEN,GREEN,Correct,0.642413299996406
47,Congruent,เขียว,GREEN,GREEN,Correct,0.566521300002933
48,Congruent,ฟ้า,BLUE,BLUE,Correct,2.95699520000198
49,Incongruent,แดง,BLACK,BLACK,Correct,2.24574199999915
50,Incongruent,แดง,BLUE,-,No response,NaN
51,Congruent,แดง,RED,RED,Correct,0.874115400001756
52,Congruent,เขียว,GREEN,GREEN,Correct,2.30697220000002
53,Incongruent,เขียว,RED,RED,Correct,2.19081120000192
54,Incongruent,เขียว,BLACK,BLACK,Correct,1.73893559999851
55,Incongruent,แดง,BLACK,BLACK,Correct,0.677779400000873
56,Incongruent,ดำ,RED,RED,Correct,0.89202149999619
57,Congruent,เขียว,GREEN,GREEN,Correct,0.682018799998332
58,Congruent,ดำ,BLACK,BLACK,Correct,0.854754600004526
59,Congruent,ดำ,BLACK,BLACK,Correct,0.678339800004323
60,Incongruent,ฟ้า,GREEN,GREEN,Correct,1.39617469999939
1,Congruent,ดำ,BLACK,BLACK,Correct,1.41407850000542
2,Congruent,BLUE,BLUE,BLUE,Correct,2.12011829999392
3,Incongruent,เขียว,BLACK,BLUE,Incorrect,2.78139989999909
4,Congruent,BLUE,BLUE,BLUE,Correct,0.790195299996412
5,Congruent,แดง,RED,RED,Correct,1.70072429999709
6,Incongruent,RED,BLACK,BLACK,Correct,1.61660859999392
7,Incongruent,เขียว,BLACK,BLACK,Correct,1.22516780000296
8,Incongruent,RED,GREEN,GREEN,Correct,1.22240130000137
9,Congruent,เขียว,GREEN,GREEN,Correct,0.594879500000388
10,Incongruent,RED,GREEN,GREEN,Correct,0.522784599997976
11,Congruent,เขียว,GREEN,GREEN,Correct,0.432738900002732
12,Incongruent,BLUE,GREEN,GREEN,Correct,0.426921899997978
13,Congruent,แดง,RED,RED,Correct,1.19688120000501
14,Incongruent,GREEN,RED,RED,Correct,0.506406000000425
15,Incongruent,ฟ้า,GREEN,GREEN,Correct,0.670169299999543
16,Incongruent,GREEN,BLACK,BLACK,Correct,0.724635400001716
17,Congruent,เขียว,GREEN,GREEN,Correct,0.845038699997531
18,Congruent,BLUE,BLUE,BLUE,Correct,0.817449399997713
19,Congruent,แดง,RED,RED,Correct,0.868147400004091
20,Congruent,RED,RED,RED,Correct,0.507957599998917
21,Congruent,แดง,RED,RED,Correct,0.366127000001143
22,Congruent,BLACK,BLACK,BLACK,Correct,0.811535699998785
23,Incongruent,ฟ้า,GREEN,GREEN,Correct,0.956780399996205
24,Congruent,BLACK,BLACK,BLACK,Correct,1.36364610000601
25,Incongruent,แดง,BLACK,BLACK,Correct,0.539946999997483
26,Incongruent,BLACK,GREEN,GREEN,Correct,1.13426329999493
27,Incongruent,ดำ,BLUE,BLUE,Correct,1.2021242999981
28,Congruent,GREEN,GREEN,GREEN,Correct,1.39038509999955
29,Incongruent,แดง,BLACK,BLACK,Correct,1.29298279999784
30,Congruent,BLUE,BLUE,BLUE,Correct,1.88801109999622
31,Congruent,เขียว,GREEN,GREEN,Correct,2.96570309999515
32,Congruent,RED,RED,RED,Correct,1.13752840000234
33,Incongruent,แดง,GREEN,GREEN,Correct,0.599903700000141
34,Congruent,BLUE,BLUE,BLUE,Correct,1.01501410000492
35,Incongruent,แดง,BLACK,BLACK,Correct,0.628777900004934
36,Incongruent,BLACK,BLUE,BLUE,Correct,0.960148899997876
37,Incongruent,ฟ้า,BLACK,BLACK,Correct,0.817885199998273
38,Incongruent,GREEN,BLACK,BLACK,Correct,0.575777899997775
39,Congruent,เขียว,GREEN,GREEN,Correct,0.562257400000817
40,Incongruent,BLUE,BLACK,BLACK,Correct,0.935331499997119
41,Incongruent,เขียว,BLACK,BLACK,Correct,0.589649599998666
42,Congruent,BLUE,BLUE,BLUE,Correct,1.37825929999963
43,Congruent,แดง,RED,RED,Correct,0.933634100001655
44,Incongruent,BLACK,GREEN,GREEN,Correct,1.19309919999796
45,Congruent,ฟ้า,BLUE,BLUE,Correct,0.979299999999057
46,Congruent,BLUE,BLUE,BLUE,Correct,0.534470499995223
47,Incongruent,ฟ้า,GREEN,GREEN,Correct,0.921066199996858
48,Congruent,RED,RED,RED,Correct,0.584859599999618
49,Congruent,ดำ,BLACK,BLACK,Correct,0.67889180000202
50,Congruent,GREEN,GREEN,GREEN,Correct,1.65715300000011
51,Congruent,เขียว,GREEN,GREEN,Correct,0.509240600003977
52,Incongruent,BLUE,GREEN,GREEN,Correct,0.657576500001596
53,Incongruent,แดง,BLACK,BLACK,Correct,0.77483509999729
54,Incongruent,BLUE,BLACK,BLACK,Correct,0.554761499995948
55,Incongruent,ฟ้า,BLACK,BLACK,Correct,1.01944019999792
56,Congruent,BLUE,BLUE,RED,Incorrect,0.615494699995907
57,Congruent,ดำ,BLACK,BLACK,Correct,1.45698249999987
58,Incongruent,GREEN,BLACK,BLACK,Correct,0.452198799997859
59,Incongruent,เขียว,BLUE,BLUE,Correct,1.44324490000145
60,Incongruent,BLUE,GREEN,GREEN,Correct,0.712216699997953
1,Congruent,RED,RED,RED,Correct,1.73541839999962
2,Congruent,RED,RED,RED,Correct,0.531412800002727
3,Congruent,RED,RED,RED,Correct,0.366374099998211
4,Congruent,RED,RED,RED,Correct,0.281484799997997
5,Congruent,BLUE,BLUE,BLUE,Correct,1.22607940000307
6,Incongruent,RED,BLUE,BLUE,Correct,0.500536500003363
7,Congruent,RED,RED,RED,Correct,0.839215499996499
8,Congruent,BLUE,BLUE,BLUE,Correct,0.626684599999862
9,Congruent,RED,RED,RED,Correct,0.567196099997091
10,Incongruent,GREEN,RED,RED,Correct,1.02251819999947
11,Incongruent,BLACK,RED,RED,Correct,0.547263500004192
12,Congruent,BLACK,BLACK,BLACK,Correct,0.913351799994416
13,Congruent,RED,RED,RED,Correct,0.708190700002888
14,Incongruent,RED,BLUE,BLUE,Correct,1.40059879999899
15,Incongruent,RED,BLUE,BLUE,Correct,0.554731800002628
16,Incongruent,BLACK,BLUE,BLUE,Correct,0.525046799994016
17,Incongruent,BLUE,BLACK,BLACK,Correct,1.29377399999794
18,Incongruent,BLUE,GREEN,GREEN,Correct,0.764477400000033
19,Incongruent,RED,BLACK,BLACK,Correct,2.07563949999894
20,Incongruent,BLACK,BLUE,BLUE,Correct,1.95249899999908
21,Incongruent,BLACK,GREEN,GREEN,Correct,0.664472600001318
22,Congruent,BLACK,BLACK,BLACK,Correct,0.706678200003807
23,Incongruent,BLACK,RED,RED,Correct,0.639301000002888
24,Congruent,BLACK,BLACK,BLACK,Correct,1.66270620000432
25,Incongruent,BLACK,BLUE,BLUE,Correct,0.750361400001566
26,Congruent,BLUE,BLUE,BLUE,Correct,0.692440400001942
27,Congruent,RED,RED,RED,Correct,0.79532919999474
28,Incongruent,GREEN,BLACK,BLACK,Correct,0.720331500000611
29,Congruent,RED,RED,RED,Correct,0.784198699999251
30,Incongruent,BLACK,RED,RED,Correct,0.499647399999958
31,Incongruent,RED,GREEN,GREEN,Correct,0.676785200004815
32,Incongruent,RED,BLUE,BLUE,Correct,0.610983699996723
33,Incongruent,BLACK,BLUE,BLUE,Correct,0.0267015999997966
34,Incongruent,BLUE,GREEN,GREEN,Correct,0.83738519999315
35,Incongruent,RED,GREEN,GREEN,Correct,0.536296699996456
36,Congruent,RED,RED,RED,Correct,1.24735139999393
37,Incongruent,RED,GREEN,GREEN,Correct,1.28009709999606
38,Congruent,BLACK,BLACK,BLACK,Correct,0.772907699996722
39,Incongruent,GREEN,BLUE,BLUE,Correct,0.928472200001124
40,Congruent,BLUE,BLUE,BLUE,Correct,0.598194499994861
41,Incongruent,BLUE,GREEN,GREEN,Correct,0.661928399997123
42,Incongruent,GREEN,RED,RED,Correct,0.591072000002896
43,Congruent,BLACK,BLACK,BLACK,Correct,0.619435000000522
44,Congruent,RED,RED,RED,Correct,0.641305299999658
45,Incongruent,GREEN,RED,RED,Correct,0.511265400004049
46,Congruent,RED,RED,RED,Correct,0.493592400001944
47,Congruent,BLUE,BLUE,BLUE,Correct,1.20345980000275
48,Congruent,BLUE,BLUE,BLUE,Correct,1.14025319999928
49,Congruent,BLACK,BLACK,BLACK,Correct,0.807618099999672
50,Incongruent,BLUE,GREEN,GREEN,Correct,1.85101460000442
51,Congruent,BLUE,BLUE,BLUE,Correct,2.2843223000018
52,Incongruent,GREEN,RED,RED,Correct,1.19519150000269
53,Congruent,RED,RED,RED,Correct,0.438612800004194
54,Congruent,BLACK,BLACK,BLACK,Correct,1.48965350000071
55,Incongruent,RED,GREEN,GREEN,Correct,1.21275749999768
56,Incongruent,BLUE,BLACK,BLACK,Correct,1.42174860000523
57,Congruent,BLUE,BLUE,BLUE,Correct,1.83546999999817
58,Congruent,BLUE,BLUE,BLUE,Correct,0.547755199993844
59,Incongruent,BLACK,BLUE,BLUE,Correct,0.468120799996541
60,Congruent,BLACK,BLACK,BLACK,Correct,0.802107999996224
1,Congruent,ดำ,BLACK,BLACK,Correct,0.741975999997521
2,Congruent,GREEN,GREEN,GREEN,Correct,1.26033089999692
3,Incongruent,แดง,GREEN,GREEN,Correct,0.498692900000606
4,Congruent,BLUE,BLUE,BLUE,Correct,1.01615269999456
5,Congruent,ฟ้า,BLUE,BLUE,Correct,0.492380399999092
6,Congruent,RED,RED,RED,Correct,0.646429000000353
7,Congruent,แดง,RED,RED,Correct,0.419894300001033
8,Congruent,RED,RED,RED,Correct,0.34512790000008
9,Incongruent,ดำ,RED,RED,Correct,0.337914499999897
10,Congruent,RED,RED,RED,Correct,0.346750000004249
11,Incongruent,ดำ,BLUE,BLUE,Correct,1.68650180000259
12,Congruent,BLACK,BLACK,BLACK,Correct,0.63971770000353
13,Incongruent,ดำ,GREEN,GREEN,Correct,1.09887780000281
14,Congruent,BLACK,BLACK,BLACK,Correct,1.18172709999635
15,Incongruent,ดำ,GREEN,GREEN,Correct,0.761740299996745
16,Congruent,RED,RED,RED,Correct,0.61399579999852
17,Incongruent,ฟ้า,RED,RED,Correct,0.400261200004024
18,Congruent,BLUE,BLUE,BLUE,Correct,0.84366990000126
19,Congruent,แดง,RED,RED,Correct,0.930991100001847
20,Incongruent,BLACK,RED,RED,Correct,0.522952900006203
21,Incongruent,แดง,BLUE,BLUE,Correct,0.96565610000107
22,Incongruent,RED,BLUE,BLUE,Correct,0.410970600001747
23,Congruent,เขียว,GREEN,GREEN,Correct,0.646701399993617
24,Incongruent,GREEN,BLUE,BLUE,Correct,0.452471700002206
25,Incongruent,ดำ,GREEN,GREEN,Correct,0.430501300004835
26,Congruent,GREEN,GREEN,GREEN,Correct,0.735377800003334
27,Incongruent,ฟ้า,GREEN,GREEN,Correct,0.426706400001422
28,Congruent,RED,RED,RED,Correct,0.608217699998931
29,Incongruent,แดง,GREEN,GREEN,Correct,0.434706100000767
30,Incongruent,RED,GREEN,GREEN,Correct,0.311242800002219
31,Congruent,ฟ้า,BLUE,BLUE,Correct,0.733929299996817
32,Congruent,BLUE,BLUE,BLUE,Correct,0.384024600003613
33,Incongruent,ฟ้า,BLACK,BLACK,Correct,0.715019600000232
34,Incongruent,GREEN,RED,RED,Correct,0.964263599998958
35,Congruent,แดง,RED,RED,Correct,0.487002100002428
36,Incongruent,BLACK,RED,RED,Correct,0.400737899995875
37,Incongruent,แดง,BLACK,BLACK,Correct,0.977962099997967
38,Incongruent,BLACK,RED,RED,Correct,0.49340680000023
39,Incongruent,แดง,GREEN,GREEN,Correct,0.643288599996595
40,Congruent,GREEN,GREEN,GREEN,Correct,0.411501500006125
41,Congruent,เขียว,GREEN,GREEN,Correct,0.35313319999841
42,Incongruent,BLACK,RED,RED,Correct,0.584629800003313
43,Incongruent,แดง,BLUE,BLUE,Correct,0.942672299999685
44,Congruent,BLACK,BLACK,BLACK,Correct,0.56040750000102
45,Congruent,เขียว,GREEN,GREEN,Correct,1.99435490000178
46,Congruent,GREEN,GREEN,GREEN,Correct,0.411870500000077
47,Incongruent,แดง,BLUE,BLUE,Correct,1.08558659999835
48,Incongruent,GREEN,BLUE,BLUE,Correct,0.478139500002726
49,Congruent,ฟ้า,BLUE,BLUE,Correct,0.429697500003385
50,Incongruent,RED,BLACK,BLACK,Correct,0.613848300003156
51,Incongruent,ดำ,BLUE,BLUE,Correct,0.671521500000381
52,Incongruent,RED,GREEN,GREEN,Correct,0.945883699998376
53,Incongruent,แดง,BLUE,BLUE,Correct,0.74533959999826
54,Congruent,BLUE,BLUE,BLUE,Correct,0.524178700004995
55,Congruent,ดำ,BLACK,BLACK,Correct,0.663521800001035
56,Congruent,BLACK,BLACK,BLACK,Correct,0.471590300003299
57,Incongruent,เขียว,BLUE,BLUE,Correct,1.7475728999998
58,Congruent,RED,RED,RED,Correct,0.630259400000796
59,Congruent,เขียว,GREEN,GREEN,Correct,0.49499850000575
60,Incongruent,RED,GREEN,GREEN,Correct,0.599877099994046
