No.,Type of trial,Color Word,Ink Color,Response Color,Result Response,Reaction time
1,Congruent,แดง,RED,RED,Correct,1.10228550000102
2,Congruent,เขียว,GREEN,RED,Incorrect,0.795831599998564
3,Incongruent,ดำ,GREEN,RED,Incorrect,0.803266400000211
4,Congruent,แดง,RED,RED,Correct,0.797694099999717
5,Congruent,แดง,RED,RED,Correct,0.804155900001206
6,Congruent,ดำ,BLACK,RED,Incorrect,0.803391999999803
7,Congruent,เขียว,GREEN,RED,Incorrect,0.807388400000491
8,Incongruent,แดง,BLACK,RED,Incorrect,0.802788500001043
9,Congruent,เขียว,GREEN,RED,Incorrect,0.801659400000062
10,Congruent,แดง,RED,RED,Correct,0.800863099999333
11,Incongruent,ดำ,GREEN,RED,Incorrect,0.806841900001018
12,Incongruent,ฟ้า,BLACK,RED,Incorrect,0.807967200000348
13,Incongruent,เขียว,BLUE,RED,Incorrect,0.807170600000973
14,Congruent,เขียว,GREEN,RED,Incorrect,0.807899100000213
15,Incongruent,แดง,BLACK,RED,Incorrect,0.802719400000569
16,Congruent,ฟ้า,BLUE,RED,Incorrect,0.798239200001262
17,Incongruent,ฟ้า,RED,RED,Correct,0.797780599999896
18,Congruent,แดง,RED,RED,Correct,0.796129799999107
19,Congruent,เขียว,GREEN,RED,Incorrect,0.802522199999657
20,Incongruent,ดำ,RED,RED,Correct,0.798220999999103
21,Incongruent,ฟ้า,RED,RED,Correct,0.804351200000383
22,Congruent,ดำ,BLACK,RED,Incorrect,0.805530699999508
23,Congruent,ดำ,BLACK,RED,Incorrect,0.794053100000383
24,Incongruent,เขียว,BLACK,RED,Incorrect,0.798167099999773
25,Congruent,ดำ,BLACK,RED,Incorrect,0.804841900000611
26,Incongruent,ฟ้า,GREEN,RED,Incorrect,0.801567300000897
27,Incongruent,ดำ,BLUE,RED,Incorrect,0.800516500001322
28,Incongruent,เขียว,BLACK,RED,Incorrect,0.803076899999724
29,Congruent,แดง,RED,RED,Correct,0.794420399999581
30,Congruent,เขียว,GREEN,RED,Incorrect,0.802570900001228
31,Incongruent,เขียว,RED,RED,Correct,0.803226199999699
32,Incongruent,ฟ้า,BLACK,RED,Incorrect,0.800238699999682
33,Incongruent,เขียว,BLUE,RED,Incorrect,0.805340300001262
34,Incongruent,ฟ้า,BLACK,RED,Incorrect,0.803584000001138
35,Congruent,เขียว,GREEN,RED,Incorrect,0.801295900000696
36,Incongruent,แดง,GREEN,RED,Incorrect,0.802977499999542
37,Congruent,แดง,RED,RED,Correct,0.803461999999854
38,Congruent,เขียว,GREEN,RED,Incorrect,0.801422000000457
39,Congruent,แดง,RED,RED,Correct,0.803042300000016
40,Congruent,เขียว,GREEN,RED,Incorrect,0.799525100001119
41,Congruent,ดำ,BLACK,RED,Incorrect,0.803256199998941
42,Incongruent,แดง,BLACK,RED,Incorrect,0.802655199999208
43,Incongruent,ฟ้า,RED,RED,Correct,0.802654099999927
44,Incongruent,ฟ้า,GREEN,RED,Incorrect,0.804242300000624
45,Congruent,ดำ,BLACK,RED,Incorrect,0.800411000000167
46,Incongruent,แดง,BLACK,RED,Incorrect,0.80003090000173
47,Incongruent,เขียว,RED,RED,Correct,0.803486200000407
48,Incongruent,แดง,BLUE,RED,Incorrect,0.79951759999858
49,Incongruent,เขียว,RED,RED,Correct,0.800216800000271
50,Congruent,แดง,RED,RED,Correct,0.804767700001321
51,Congruent,แดง,RED,RED,Correct,0.802382100000614
52,Incongruent,ดำ,RED,RED,Correct,0.80328179999924
53,Incongruent,แดง,BLUE,RED,Incorrect,0.802415500000279
54,Congruent,เขียว,GREEN,RED,Incorrect,0.801438099999359
55,Incongruent,ฟ้า,BLACK,RED,Incorrect,0.799477599999591
56,Incongruent,เขียว,BLUE,RED,Incorrect,0.799350100000083
57,Congruent,เขียว,GREEN,RED,Incorrect,0.798759000001155
58,Congruent,เขียว,GREEN,RED,Incorrect,0.804017500000555
59,Incongruent,แดง,BLACK,RED,Incorrect,0.800788400001693
60,Congruent,ฟ้า,BLUE,RED,Incorrect,0.797463899998547
1,Congruent,GREEN,GREEN,RED,Incorrect,1.1400350999993
2,Incongruent,BLACK,GREEN,RED,Incorrect,0.800315500000579
3,Incongruent,GREEN,RED,RED,Correct,0.805860599999505
4,Incongruent,BLUE,RED,RED,Correct,0.796880699999747
5,Congruent,BLUE,BLUE,RED,Incorrect,0.798692399999709
6,Incongruent,RED,BLUE,RED,Incorrect,0.80609000000004
7,Incongruent,BLUE,GREEN,RED,Incorrect,0.801209799999924
8,Congruent,RED,RED,RED,Correct,0.801342999999179
9,Incongruent,BLUE,GREEN,RED,Incorrect,0.799622200000158
10,Congruent,BLUE,BLUE,RED,Incorrect,0.800202700000227
11,Congruent,RED,RED,RED,Correct,0.794008799999574
12,Incongruent,BLACK,RED,RED,Correct,0.799440700000559
13,Congruent,BLUE,BLUE,RED,Incorrect,0.797671399999672
14,Congruent,RED,RED,RED,Correct,0.80094680000002
15,Incongruent,BLACK,RED,RED,Correct,0.801148499998817
16,Incongruent,RED,BLACK,RED,Incorrect,0.805827400001363
17,Congruent,BLUE,BLUE,RED,Incorrect,0.796139599999151
18,Congruent,BLUE,BLUE,RED,Incorrect,0.80624749999879
19,Congruent,GREEN,GREEN,RED,Incorrect,0.80253889999949
20,Congruent,RED,RED,RED,Correct,0.7965204000011
21,Incongruent,BLUE,RED,RED,Correct,0.800928499998918
22,Congruent,RED,RED,RED,Correct,0.799036500000511
23,Incongruent,BLUE,GREEN,RED,Incorrect,0.79972909999924
24,Congruent,BLACK,BLACK,RED,Incorrect,0.807038900000407
25,Incongruent,BLACK,BLUE,RED,Incorrect,0.799861999999848
26,Incongruent,GREEN,BLUE,RED,Incorrect,0.798279999999068
27,Incongruent,BLUE,BLACK,RED,Incorrect,0.80327749999924
28,Congruent,BLUE,BLUE,RED,Incorrect,0.807202799998777
29,Congruent,BLACK,BLACK,RED,Incorrect,0.797579300000507
30,Incongruent,GREEN,BLACK,RED,Incorrect,0.79827750000004
31,Incongruent,BLACK,BLUE,RED,Incorrect,0.802800299999944
32,Congruent,BLUE,BLUE,RED,Incorrect,0.803607300000294
33,Congruent,BLACK,BLACK,RED,Incorrect,0.80744279999999
34,Congruent,GREEN,GREEN,RED,Incorrect,0.800368199999866
35,Congruent,RED,RED,RED,Correct,0.801952399999209
36,Incongruent,GREEN,BLACK,RED,Incorrect,0.802916599999662
37,Congruent,BLACK,BLACK,RED,Incorrect,0.800898100000268
38,Congruent,GREEN,GREEN,RED,Incorrect,0.79669610000019
39,Congruent,BLUE,BLUE,RED,Incorrect,0.806354099999226
40,Incongruent,BLACK,RED,RED,Correct,0.797160900001472
41,Incongruent,GREEN,RED,RED,Correct,0.803067700000611
42,Incongruent,BLUE,RED,RED,Correct,0.800618299999769
43,Congruent,BLACK,BLACK,RED,Incorrect,0.800816400000258
44,Incongruent,GREEN,RED,RED,Correct,0.808996499999921
45,Congruent,BLACK,BLACK,RED,Incorrect,0.796061000000918
46,Congruent,BLUE,BLUE,RED,Incorrect,0.803830400000152
47,Incongruent,BLUE,GREEN,RED,Incorrect,0.806441999999151
48,Incongruent,GREEN,BLUE,RED,Incorrect,0.801401100001385
49,Congruent,BLACK,BLACK,RED,Incorrect,0.799371900000551
50,Congruent,BLUE,BLUE,RED,Incorrect,0.799574599999687
51,Congruent,GREEN,GREEN,RED,Incorrect,0.798774400000184
52,Incongruent,BLUE,GREEN,RED,Incorrect,0.796437699998933
53,Incongruent,BLUE,BLACK,RED,Incorrect,0.800034399999277
54,Incongruent,BLUE,GREEN,RED,Incorrect,0.803491499998927
55,Incongruent,RED,GREEN,RED,Incorrect,0.798504800000956
56,Incongruent,BLACK,GREEN,RED,Incorrect,0.802895599999829
57,Incongruent,GREEN,BLUE,RED,Incorrect,0.804416700000729
58,Congruent,GREEN,GREEN,RED,Incorrect,0.800737100000333
59,Congruent,BLACK,BLACK,RED,Incorrect,0.800917200000185
60,Incongruent,GREEN,BLACK,RED,Incorrect,0.806937500001368
1,Congruent,แดง,RED,RED,Correct,1.13670390000152
2,Congruent,BLUE,BLUE,RED,Incorrect,0.805997800000114
3,Incongruent,ฟ้า,GREEN,RED,Incorrect,0.802477399998679
4,Incongruent,BLACK,BLUE,RED,Incorrect,0.791450400000031
5,Incongruent,แดง,GREEN,RED,Incorrect,0.801095800001349
6,Congruent,RED,RED,RED,Correct,0.798279399999956
7,Congruent,เขียว,GREEN,RED,Incorrect,0.801049100000455
8,Congruent,GREEN,GREEN,RED,Incorrect,0.802432600001339
9,Congruent,ดำ,BLACK,RED,Incorrect,0.802118400000836
10,Incongruent,RED,BLACK,RED,Incorrect,0.803566000000501
11,Incongruent,เขียว,BLACK,RED,Incorrect,0.801839699999618
12,Incongruent,BLACK,RED,RED,Correct,0.801111099999616
13,Congruent,แดง,RED,RED,Correct,0.8010419000002
14,Incongruent,GREEN,RED,RED,Correct,0.80337370000052
15,Congruent,ดำ,BLACK,RED,Incorrect,0.804604599999948
16,Incongruent,BLACK,BLUE,RED,Incorrect,0.804104899998492
17,Incongruent,แดง,BLUE,RED,Incorrect,0.807824400000754
18,Incongruent,BLUE,RED,RED,Correct,0.80150550000144
19,Congruent,ดำ,BLACK,RED,Incorrect,0.806880000000092
20,Incongruent,BLUE,GREEN,RED,Incorrect,0.798268900000039
21,Congruent,ดำ,BLACK,RED,Incorrect,0.801680800001122
22,Congruent,BLACK,BLACK,RED,Incorrect,0.804286100001264
23,Congruent,เขียว,GREEN,RED,Incorrect,0.804279299998598
24,Incongruent,BLUE,GREEN,RED,Incorrect,0.801200300000346
25,Congruent,ดำ,BLACK,RED,Incorrect,0.79817120000007
26,Incongruent,BLACK,GREEN,RED,Incorrect,0.794607399999222
27,Congruent,แดง,RED,RED,Correct,0.798578799998722
28,Incongruent,BLUE,BLACK,RED,Incorrect,0.797438899999179
29,Congruent,เขียว,GREEN,RED,Incorrect,0.80412620000061
30,Congruent,BLACK,BLACK,RED,Incorrect,0.795498800000132
31,Congruent,แดง,RED,RED,Correct,0.799427600000854
32,Congruent,RED,RED,RED,Correct,0.805873499999507
33,Incongruent,เขียว,RED,RED,Correct,0.795987499999683
34,Incongruent,RED,BLACK,RED,Incorrect,0.799767200000133
35,Incongruent,แดง,GREEN,RED,Incorrect,0.803198600000542
36,Incongruent,BLUE,RED,RED,Correct,0.799577700001464
37,Incongruent,ดำ,BLUE,RED,Incorrect,0.802701399999933
38,Incongruent,GREEN,BLACK,RED,Incorrect,0.805494899999758
39,Congruent,ฟ้า,BLUE,RED,Incorrect,0.800612099999853
40,Congruent,BLACK,BLACK,RED,Incorrect,0.804288500001348
41,Incongruent,เขียว,BLUE,RED,Incorrect,0.802731800000402
42,Congruent,BLACK,BLACK,RED,Incorrect,0.803573000001052
43,Incongruent,แดง,BLACK,RED,Incorrect,0.798813199999131
44,Congruent,RED,RED,RED,Correct,0.799497700001666
45,Congruent,แดง,RED,RED,Correct,0.800924299999679
46,Congruent,RED,RED,RED,Correct,0.806420400000206
47,Congruent,ฟ้า,BLUE,RED,Incorrect,0.800960200000191
48,Incongruent,GREEN,BLACK,RED,Incorrect,0.80136069999935
49,Congruent,เขียว,GREEN,RED,Incorrect,0.801150600000256
50,Congruent,RED,RED,RED,Correct,0.805437799999709
51,Congruent,ฟ้า,BLUE,RED,Incorrect,0.803391999999803
52,Incongruent,BLUE,BLACK,RED,Incorrect,0.799440500000856
53,Congruent,ฟ้า,BLUE,RED,Incorrect,0.798038999999335
54,Incongruent,BLACK,GREEN,RED,Incorrect,0.800988300001336
55,Incongruent,ฟ้า,BLACK,RED,Incorrect,0.805975100000069
56,Congruent,BLACK,BLACK,RED,Incorrect,0.800523100000646
57,Incongruent,ดำ,BLUE,RED,Incorrect,0.802017199999682
58,Incongruent,BLACK,BLUE,RED,Incorrect,0.800197999999
59,Incongruent,แดง,GREEN,RED,Incorrect,0.799503899999763
60,Incongruent,GREEN,BLACK,RED,Incorrect,0.796647200000734
